Date,Close
2017-09-14 23:59:59,0.0014268299564719
2017-09-15 23:59:59,0.0018008600454777
2017-09-16 23:59:59,0.0018311199964955
2017-09-17 23:59:59,0.003319920040667
2017-09-18 23:59:59,0.0032625100575387
2017-09-19 23:59:59,0.0022913101129233
2017-09-20 23:59:59,0.0026474099140614
2017-09-21 23:59:59,0.0020792998839169
2017-09-22 23:59:59,0.0019509800476953
2017-09-23 23:59:59,0.0023456800263375
2017-09-24 23:59:59,0.0022460299078375
2017-09-25 23:59:59,0.0017767499666661
2017-09-26 23:59:59,0.0017377999611198
2017-09-27 23:59:59,0.0025609999429434
2017-09-28 23:59:59,0.0029061399400234
2017-09-29 23:59:59,0.0019828900694847
2017-09-30 23:59:59,0.002260599983856
2017-10-01 23:59:59,0.0018476999830454
2017-10-02 23:59:59,0.0028030099347233
2017-10-03 23:59:59,0.0024465098977088
2017-10-04 23:59:59,0.0032502401154488
2017-10-05 23:59:59,0.003320219926536
2017-10-06 23:59:59,0.0029955399222671
2017-10-07 23:59:59,0.0024592198897153
2017-10-08 23:59:59,0.0025299799162894
2017-10-09 23:59:59,0.0021810799371451
2017-10-10 23:59:59,0.0022254700306802
2017-10-11 23:59:59,0.0024699300993233
2017-10-12 23:59:59,0.002344740089029
2017-10-13 23:59:59,0.0021127499639987
2017-10-14 23:59:59,0.0023937700316309
2017-10-15 23:59:59,0.0022856099531054
2017-10-16 23:59:59,0.0021564299240708
2017-10-17 23:59:59,0.0019437000155448
2017-10-18 23:59:59,0.0020948199089616
2017-10-19 23:59:59,0.0019152800086885
2017-10-20 23:59:59,0.0019421899924054
2017-10-21 23:59:59,0.0022984200622886
2017-10-22 23:59:59,0.0025830098893493
2017-10-23 23:59:59,0.0024278799537569
2017-10-24 23:59:59,0.0026323799975216
2017-10-25 23:59:59,0.0030325599946081
2017-10-26 23:59:59,0.0028407499194145
2017-10-27 23:59:59,0.0030511699151247
2017-10-28 23:59:59,0.0029992200434207
2017-10-29 23:59:59,0.0029563601128757
2017-10-30 23:59:59,0.0027839799877256
2017-10-31 23:59:59,0.0028135098982602
2017-11-01 23:59:59,0.0025104600936174
2017-11-02 23:59:59,0.0023117798846215
2017-11-03 23:59:59,0.0022273398935794
2017-11-04 23:59:59,0.002127950079739
2017-11-05 23:59:59,0.0022186099085956
2017-11-06 23:59:59,0.0021253700833767
2017-11-07 23:59:59,0.0021835200022906
2017-11-08 23:59:59,0.0023380399215966
2017-11-09 23:59:59,0.0023439999204128
2017-11-10 23:59:59,0.0020125999581068
2017-11-11 23:59:59,0.002003249945119
2017-11-12 23:59:59,0.0017826199764385
2017-11-13 23:59:59,0.0021118100266903
2017-11-14 23:59:59,0.0024850899353623
2017-11-15 23:59:59,0.002322319895029
2017-11-16 23:59:59,0.002209180034697
2017-11-17 23:59:59,0.0019840400200337
2017-11-18 23:59:59,0.00202800007537
2017-11-19 23:59:59,0.002001600107178
2017-11-20 23:59:59,0.0021337699145078
2017-11-21 23:59:59,0.002143430057913
2017-11-22 23:59:59,0.0023024200927466
2017-11-23 23:59:59,0.0021049799397587
2017-11-24 23:59:59,0.0020248899236321
2017-11-25 23:59:59,0.0020479399245232
2017-11-26 23:59:59,0.0021381399128586
2017-11-27 23:59:59,0.0020616000983864
2017-11-28 23:59:59,0.0023080199025571
2017-11-29 23:59:59,0.0020682699978351
2017-11-30 23:59:59,0.0022438101004809
2017-12-01 23:59:59,0.0021180899348109
2017-12-02 23:59:59,0.0020727899391204
2017-12-03 23:59:59,0.0021159800235182
2017-12-04 23:59:59,0.0021439299453049
2017-12-05 23:59:59,0.0020849800202995
2017-12-06 23:59:59,0.003054830012843
2017-12-07 23:59:59,0.0042745601385831
2017-12-08 23:59:59,0.0043944302015006
2017-12-09 23:59:59,0.0044732801616191
2017-12-10 23:59:59,0.0044077299535274
2017-12-11 23:59:59,0.005281529854983
2017-12-12 23:59:59,0.0076132398098707
2017-12-13 23:59:59,0.0164599996060132
2017-12-14 23:59:59,0.0176899991929531
2017-12-15 23:59:59,0.0184336006641387
2017-12-16 23:59:59,0.0362705998122692
2017-12-17 23:59:59,0.0361902005970478
2017-12-18 23:59:59,0.0445886999368667
2017-12-19 23:59:59,0.0468478016555309
2017-12-20 23:59:59,0.0488829985260963
2017-12-21 23:59:59,0.0459690988063812
2017-12-22 23:59:59,0.0390739999711513
2017-12-23 23:59:59,0.051791101694107
2017-12-24 23:59:59,0.0362085998058319
2017-12-25 23:59:59,0.0351773984730243
2017-12-26 23:59:59,0.037831500172615
2017-12-27 23:59:59,0.0368309989571571
2017-12-28 23:59:59,0.0419735014438629
2017-12-29 23:59:59,0.0363483987748622
2017-12-30 23:59:59,0.0364126004278659
2017-12-31 23:59:59,0.0447515994310379
2018-01-01 23:59:59,0.0516946017742157
2018-01-02 23:59:59,0.0786816999316215
2018-01-03 23:59:59,0.0947028025984764
2018-01-04 23:59:59,0.2079740017652511
2018-01-05 23:59:59,0.2205549925565719
2018-01-06 23:59:59,0.1747969985008239
2018-01-07 23:59:59,0.199654996395111
2018-01-08 23:59:59,0.1519930064678192
2018-01-09 23:59:59,0.1247820034623146
2018-01-10 23:59:59,0.1295530050992965
2018-01-11 23:59:59,0.1090800017118454
2018-01-12 23:59:59,0.1088579967617988
2018-01-13 23:59:59,0.1030350029468536
2018-01-14 23:59:59,0.0847823992371559
2018-01-15 23:59:59,0.0756938979029655
2018-01-16 23:59:59,0.0544878989458084
2018-01-17 23:59:59,0.0756229013204574
2018-01-18 23:59:59,0.0831791013479232
2018-01-19 23:59:59,0.0804992020130157
2018-01-20 23:59:59,0.0852013006806373
2018-01-21 23:59:59,0.0711861029267311
2018-01-22 23:59:59,0.0714116990566253
2018-01-23 23:59:59,0.0685717016458511
2018-01-24 23:59:59,0.0704208016395568
2018-01-25 23:59:59,0.0687656998634338
2018-01-26 23:59:59,0.0666299983859062
2018-01-27 23:59:59,0.0684219002723693
2018-01-28 23:59:59,0.0654949024319648
2018-01-29 23:59:59,0.0640008971095085
2018-01-30 23:59:59,0.0537612996995449
2018-01-31 23:59:59,0.0544539988040924
2018-02-01 23:59:59,0.0462273992598056
2018-02-02 23:59:59,0.0407990999519825
2018-02-03 23:59:59,0.0444720983505249
2018-02-04 23:59:59,0.0379329994320869
2018-02-05 23:59:59,0.0301607996225357
2018-02-06 23:59:59,0.0364775992929935
2018-02-07 23:59:59,0.0327458009123802
2018-02-08 23:59:59,0.0367252007126808
2018-02-09 23:59:59,0.0479675009846687
2018-02-10 23:59:59,0.0486993007361888
2018-02-11 23:59:59,0.0424009002745151
2018-02-12 23:59:59,0.0461162999272346
2018-02-13 23:59:59,0.0433558002114295
2018-02-14 23:59:59,0.0459357984364032
2018-02-15 23:59:59,0.0464960001409053
2018-02-16 23:59:59,0.0524486005306243
2018-02-17 23:59:59,0.0549136996269226
2018-02-18 23:59:59,0.0496058017015457
2018-02-19 23:59:59,0.0515419989824295
2018-02-20 23:59:59,0.0468610003590583
2018-02-21 23:59:59,0.0445800013840198
2018-02-22 23:59:59,0.0406743995845317
2018-02-23 23:59:59,0.0428748987615108
2018-02-24 23:59:59,0.0409291982650756
2018-02-25 23:59:59,0.0398833006620407
2018-02-26 23:59:59,0.0417685993015766
2018-02-27 23:59:59,0.0427311994135379
2018-02-28 23:59:59,0.0433504991233348
2018-03-01 23:59:59,0.0488467998802661
2018-03-02 23:59:59,0.052946500480175
2018-03-03 23:59:59,0.0489179007709026
2018-03-04 23:59:59,0.0478009991347789
2018-03-05 23:59:59,0.0467762984335422
2018-03-06 23:59:59,0.0439581982791423
2018-03-07 23:59:59,0.0386012010276317
2018-03-08 23:59:59,0.0364250987768173
2018-03-09 23:59:59,0.0369805991649627
2018-03-10 23:59:59,0.034927699714899
2018-03-11 23:59:59,0.0387157015502452
2018-03-12 23:59:59,0.0361318998038768
2018-03-13 23:59:59,0.035726398229599
2018-03-14 23:59:59,0.0310564991086721
2018-03-15 23:59:59,0.0301188994199037
2018-03-16 23:59:59,0.0301187001168727
2018-03-17 23:59:59,0.0283580999821424
2018-03-18 23:59:59,0.0286209993064403
2018-03-19 23:59:59,0.0323638990521431
2018-03-20 23:59:59,0.038112498819828
2018-03-21 23:59:59,0.0371064990758895
2018-03-22 23:59:59,0.037924401462078
2018-03-23 23:59:59,0.0411373004317283
2018-03-24 23:59:59,0.0497796013951301
2018-03-25 23:59:59,0.0453108996152877
2018-03-26 23:59:59,0.0443781986832618
2018-03-27 23:59:59,0.0430750995874404
2018-03-28 23:59:59,0.0488172993063926
2018-03-29 23:59:59,0.0430022999644279
2018-03-30 23:59:59,0.0412774011492729
2018-03-31 23:59:59,0.0339719988405704
2018-04-01 23:59:59,0.032151598483324
2018-04-02 23:59:59,0.0357550010085105
2018-04-03 23:59:59,0.0348008014261722
2018-04-04 23:59:59,0.0301363002508878
2018-04-05 23:59:59,0.04001360014081
2018-04-06 23:59:59,0.0369183011353015
2018-04-07 23:59:59,0.0370635986328125
2018-04-08 23:59:59,0.0376319997012615
2018-04-09 23:59:59,0.0357562005519866
2018-04-10 23:59:59,0.0369275994598865
2018-04-11 23:59:59,0.0362709984183311
2018-04-12 23:59:59,0.0395643003284931
2018-04-13 23:59:59,0.0390057004988193
2018-04-14 23:59:59,0.0400106012821197
2018-04-15 23:59:59,0.0429710000753402
2018-04-16 23:59:59,0.0412560999393463
2018-04-17 23:59:59,0.0421160012483596
2018-04-18 23:59:59,0.0475212000310421
2018-04-19 23:59:59,0.0493921004235744
2018-04-20 23:59:59,0.0536732003092765
2018-04-21 23:59:59,0.0536766983568668
2018-04-22 23:59:59,0.0524200014770031
2018-04-23 23:59:59,0.0585455000400543
2018-04-24 23:59:59,0.0733600035309791
2018-04-25 23:59:59,0.0700146034359932
2018-04-26 23:59:59,0.074565902352333
2018-04-27 23:59:59,0.0740369036793708
2018-04-28 23:59:59,0.0816621035337448
2018-04-29 23:59:59,0.0891451984643936
2018-04-30 23:59:59,0.0937767028808593
2018-05-01 23:59:59,0.0933604016900062
2018-05-02 23:59:59,0.0913968980312347
2018-05-03 23:59:59,0.0873403996229171
2018-05-04 23:59:59,0.0868104994297027
2018-05-05 23:59:59,0.0871021971106529
2018-05-06 23:59:59,0.0847780033946037
2018-05-07 23:59:59,0.0830862000584602
2018-05-08 23:59:59,0.0830710008740425
2018-05-09 23:59:59,0.0810061991214752
2018-05-10 23:59:59,0.0735737979412078
2018-05-11 23:59:59,0.0659331977367401
2018-05-12 23:59:59,0.0687308013439178
2018-05-13 23:59:59,0.0756129026412963
2018-05-14 23:59:59,0.0728121995925903
2018-05-15 23:59:59,0.0685655027627945
2018-05-16 23:59:59,0.0719541981816291
2018-05-17 23:59:59,0.0674369037151336
2018-05-18 23:59:59,0.0693866983056068
2018-05-19 23:59:59,0.0691438019275665
2018-05-20 23:59:59,0.0772690027952194
2018-05-21 23:59:59,0.0823775008320808
2018-05-22 23:59:59,0.0748293027281761
2018-05-23 23:59:59,0.069847896695137
2018-05-24 23:59:59,0.0730948001146316
2018-05-25 23:59:59,0.071278803050518
2018-05-26 23:59:59,0.0731621980667114
2018-05-27 23:59:59,0.0706012994050979
2018-05-28 23:59:59,0.0606535002589225
2018-05-29 23:59:59,0.0650094002485275
2018-05-30 23:59:59,0.0624024011194705
2018-05-31 23:59:59,0.0605411008000373
2018-06-01 23:59:59,0.0587070994079113
2018-06-02 23:59:59,0.0611842013895511
2018-06-03 23:59:59,0.0619783997535705
2018-06-04 23:59:59,0.0591788999736309
2018-06-05 23:59:59,0.0605770982801914
2018-06-06 23:59:59,0.0594084002077579
2018-06-07 23:59:59,0.0588191002607345
2018-06-08 23:59:59,0.0575766004621982
2018-06-09 23:59:59,0.0571573004126548
2018-06-10 23:59:59,0.0480028018355369
2018-06-11 23:59:59,0.0488294996321201
2018-06-12 23:59:59,0.0439820997416973
2018-06-13 23:59:59,0.0415327996015548
2018-06-14 23:59:59,0.0454168990254402
2018-06-15 23:59:59,0.0428702011704444
2018-06-16 23:59:59,0.0432148016989231
2018-06-17 23:59:59,0.0426481999456882
2018-06-18 23:59:59,0.0450959987938404
2018-06-19 23:59:59,0.0495029985904693
2018-06-20 23:59:59,0.0493937991559505
2018-06-21 23:59:59,0.0486197993159294
2018-06-22 23:59:59,0.0431355014443397
2018-06-23 23:59:59,0.0441788993775844
2018-06-24 23:59:59,0.0424598008394241
2018-06-25 23:59:59,0.0423493012785911
2018-06-26 23:59:59,0.0382617004215717
2018-06-27 23:59:59,0.0389867015182971
2018-06-28 23:59:59,0.0366651006042957
2018-06-29 23:59:59,0.0372368991374969
2018-06-30 23:59:59,0.0384234003722667
2018-07-01 23:59:59,0.0378850996494293
2018-07-02 23:59:59,0.0395287983119487
2018-07-03 23:59:59,0.0388672016561031
2018-07-04 23:59:59,0.0388949997723102
2018-07-05 23:59:59,0.0378612987697124
2018-07-06 23:59:59,0.0369751006364822
2018-07-07 23:59:59,0.038333598524332
2018-07-08 23:59:59,0.0371001996099948
2018-07-09 23:59:59,0.0357979014515876
2018-07-10 23:59:59,0.0335876010358333
2018-07-11 23:59:59,0.03357819840312
2018-07-12 23:59:59,0.032227698713541
2018-07-13 23:59:59,0.033339500427246
2018-07-14 23:59:59,0.0334288999438285
2018-07-15 23:59:59,0.0343642011284828
2018-07-16 23:59:59,0.0375207997858524
2018-07-17 23:59:59,0.039759200066328
2018-07-18 23:59:59,0.0396611988544464
2018-07-19 23:59:59,0.0379168987274169
2018-07-20 23:59:59,0.0349062010645866
2018-07-21 23:59:59,0.0356031991541385
2018-07-22 23:59:59,0.035123199224472
2018-07-23 23:59:59,0.034061100333929
2018-07-24 23:59:59,0.0381067991256713
2018-07-25 23:59:59,0.0371217988431453
2018-07-26 23:59:59,0.0359959006309509
2018-07-27 23:59:59,0.0365041010081768
2018-07-28 23:59:59,0.0367817990481853
2018-07-29 23:59:59,0.0392360016703605
2018-07-30 23:59:59,0.0364521
2018-07-31 23:59:59,0.033926
2018-08-01 23:59:59,0.0326433
2018-08-02 23:59:59,0.0315386
2018-08-03 23:59:59,0.0306018
2018-08-04 23:59:59,0.0289324
2018-08-05 23:59:59,0.0303289
2018-08-06 23:59:59,0.0292277
2018-08-07 23:59:59,0.0278661
2018-08-08 23:59:59,0.0244819
2018-08-09 23:59:59,0.0259414
2018-08-10 23:59:59,0.023822
2018-08-11 23:59:59,0.0226144
2018-08-12 23:59:59,0.0225808
2018-08-13 23:59:59,0.0193622
2018-08-14 23:59:59,0.0190587
2018-08-15 23:59:59,0.019443
2018-08-16 23:59:59,0.0195209
2018-08-17 23:59:59,0.0232805
2018-08-18 23:59:59,0.0216189
2018-08-19 23:59:59,0.0222631
2018-08-20 23:59:59,0.0206613
2018-08-21 23:59:59,0.021003
2018-08-22 23:59:59,0.019712
2018-08-23 23:59:59,0.0207707
2018-08-24 23:59:59,0.021606
2018-08-25 23:59:59,0.0224806
2018-08-26 23:59:59,0.0227641
2018-08-27 23:59:59,0.02446
2018-08-28 23:59:59,0.0268472
2018-08-29 23:59:59,0.0254256
2018-08-30 23:59:59,0.0248968
2018-08-31 23:59:59,0.0253449
2018-09-01 23:59:59,0.0265897
2018-09-02 23:59:59,0.0255716
2018-09-03 23:59:59,0.0250373
2018-09-04 23:59:59,0.0252551
2018-09-05 23:59:59,0.02181
2018-09-06 23:59:59,0.0216442
2018-09-07 23:59:59,0.0205952
2018-09-08 23:59:59,0.0193117
2018-09-09 23:59:59,0.0193647
2018-09-10 23:59:59,0.0193813
2018-09-11 23:59:59,0.0186765
2018-09-12 23:59:59,0.0182425
2018-09-13 23:59:59,0.0199456
2018-09-14 23:59:59,0.0198323
2018-09-15 23:59:59,0.0199327
2018-09-16 23:59:59,0.0199749
2018-09-17 23:59:59,0.0185174
2018-09-18 23:59:59,0.0193893
2018-09-19 23:59:59,0.0197531
2018-09-20 23:59:59,0.0214129
2018-09-21 23:59:59,0.0249304
2018-09-22 23:59:59,0.0231756
2018-09-23 23:59:59,0.0237914
2018-09-24 23:59:59,0.0220887
2018-09-25 23:59:59,0.0212801
2018-09-26 23:59:59,0.0210275
2018-09-27 23:59:59,0.022507
2018-09-28 23:59:59,0.0219775
2018-09-29 23:59:59,0.022035
2018-09-30 23:59:59,0.0221647
2018-10-01 23:59:59,0.0220518
2018-10-02 23:59:59,0.0220926
2018-10-03 23:59:59,0.0215998
2018-10-04 23:59:59,0.0227026
2018-10-05 23:59:59,0.023275
2018-10-06 23:59:59,0.0237148
2018-10-07 23:59:59,0.0268753
2018-10-08 23:59:59,0.0265923
2018-10-09 23:59:59,0.0260581
2018-10-10 23:59:59,0.0253547
2018-10-11 23:59:59,0.0209292
2018-10-12 23:59:59,0.0227377
2018-10-13 23:59:59,0.0235647
2018-10-14 23:59:59,0.0236224
2018-10-15 23:59:59,0.0250818
2018-10-16 23:59:59,0.0243584
2018-10-17 23:59:59,0.0242338
2018-10-18 23:59:59,0.024271
2018-10-19 23:59:59,0.024074
2018-10-20 23:59:59,0.0241566
2018-10-21 23:59:59,0.0241964
2018-10-22 23:59:59,0.0238107
2018-10-23 23:59:59,0.023477
2018-10-24 23:59:59,0.0234797
2018-10-25 23:59:59,0.0231438
2018-10-26 23:59:59,0.0235855
2018-10-27 23:59:59,0.0232739
2018-10-28 23:59:59,0.023555
2018-10-29 23:59:59,0.0221847
2018-10-30 23:59:59,0.0221908
2018-10-31 23:59:59,0.022192
2018-11-01 23:59:59,0.0225749
2018-11-02 23:59:59,0.0228595
2018-11-03 23:59:59,0.0227005
2018-11-04 23:59:59,0.023273
2018-11-05 23:59:59,0.0237451
2018-11-06 23:59:59,0.0244214
2018-11-07 23:59:59,0.0237743
2018-11-08 23:59:59,0.0231145
2018-11-09 23:59:59,0.0230279
2018-11-10 23:59:59,0.0230232
2018-11-11 23:59:59,0.0228112
2018-11-12 23:59:59,0.0224714
2018-11-13 23:59:59,0.0219985
2018-11-14 23:59:59,0.01936
2018-11-15 23:59:59,0.0190763
2018-11-16 23:59:59,0.0188959
2018-11-17 23:59:59,0.0188085
2018-11-18 23:59:59,0.0188487
2018-11-19 23:59:59,0.015803
2018-11-20 23:59:59,0.0138394
2018-11-21 23:59:59,0.0147264
2018-11-22 23:59:59,0.0138763
2018-11-23 23:59:59,0.0136698
2018-11-24 23:59:59,0.0125483
2018-11-25 23:59:59,0.012373
2018-11-26 23:59:59,0.0116606
2018-11-27 23:59:59,0.0118554
2018-11-28 23:59:59,0.0146494
2018-11-29 23:59:59,0.0156945422225
2018-11-30 23:59:59,0.0143903056218
2018-12-01 23:59:59,0.0151837552221
2018-12-02 23:59:59,0.0149352385677
2018-12-03 23:59:59,0.0138676043953
2018-12-04 23:59:59,0.0144122322954
2018-12-05 23:59:59,0.0139520913838
2018-12-06 23:59:59,0.0128168658849
2018-12-07 23:59:59,0.0132248272438
2018-12-08 23:59:59,0.0134669572631
2018-12-09 23:59:59,0.0136252183078
2018-12-10 23:59:59,0.0133167284387
2018-12-11 23:59:59,0.0132913510043
2018-12-12 23:59:59,0.0133528875929
2018-12-13 23:59:59,0.013058181054
2018-12-14 23:59:59,0.0127753370494
2018-12-15 23:59:59,0.012784424263
2018-12-16 23:59:59,0.0130219180005
2018-12-17 23:59:59,0.0142208740296
2018-12-18 23:59:59,0.0148309765824
2018-12-19 23:59:59,0.0156652916841
2018-12-20 23:59:59,0.0173846164227
2018-12-21 23:59:59,0.0200210376627
2018-12-22 23:59:59,0.0209664070003
2018-12-23 23:59:59,0.020911034634
2018-12-24 23:59:59,0.0210698832479
2018-12-25 23:59:59,0.0200075598471
2018-12-26 23:59:59,0.0204474671912
2018-12-27 23:59:59,0.018487628222
2018-12-28 23:59:59,0.0208680357108
2018-12-29 23:59:59,0.020003961241
2018-12-30 23:59:59,0.01994704531
2018-12-31 23:59:59,0.0188260307311
2019-01-01 23:59:59,0.019561267633
2019-01-02 23:59:59,0.0202217101098
2019-01-03 23:59:59,0.0200878581475
2019-01-04 23:59:59,0.0214922362712
2019-01-05 23:59:59,0.0222937391715
2019-01-06 23:59:59,0.0230045989274
2019-01-07 23:59:59,0.0236014503981
2019-01-08 23:59:59,0.0263360919217
2019-01-09 23:59:59,0.028417794868
2019-01-10 23:59:59,0.0258468955653
2019-01-11 23:59:59,0.0251281787772
2019-01-12 23:59:59,0.0234997951464
2019-01-13 23:59:59,0.0212895511888
2019-01-14 23:59:59,0.02567107784
2019-01-15 23:59:59,0.0245581743936
2019-01-16 23:59:59,0.0251798214716
2019-01-17 23:59:59,0.0253205929774
2019-01-18 23:59:59,0.0248012721011
2019-01-19 23:59:59,0.0245678740461
2019-01-20 23:59:59,0.0238700372589
2019-01-21 23:59:59,0.0256102927652
2019-01-22 23:59:59,0.0263849184569
2019-01-23 23:59:59,0.0265574922919
2019-01-24 23:59:59,0.0269094151735
2019-01-25 23:59:59,0.0267669709686
2019-01-26 23:59:59,0.028658503008
2019-01-27 23:59:59,0.0292822554698
2019-01-28 23:59:59,0.0268880497659
2019-01-29 23:59:59,0.0273405512981
2019-01-30 23:59:59,0.0272903371392
2019-01-31 23:59:59,0.0254296832071
2019-02-01 23:59:59,0.0262712053544
2019-02-02 23:59:59,0.0261117204216
2019-02-03 23:59:59,0.0254416794334
2019-02-04 23:59:59,0.0270582238707
2019-02-05 23:59:59,0.0261783136077
2019-02-06 23:59:59,0.0255746881118
2019-02-07 23:59:59,0.0257020237748
2019-02-08 23:59:59,0.0268002411275
2019-02-09 23:59:59,0.0262646131246
2019-02-10 23:59:59,0.0258135339149
2019-02-11 23:59:59,0.0247267389727
2019-02-12 23:59:59,0.0245326744601
2019-02-13 23:59:59,0.0242090440922
2019-02-14 23:59:59,0.023725846168
2019-02-15 23:59:59,0.0240556047218
2019-02-16 23:59:59,0.0239537958076
2019-02-17 23:59:59,0.0238179239869
2019-02-18 23:59:59,0.0249835522147
2019-02-19 23:59:59,0.0249929527035
2019-02-20 23:59:59,0.0252275765246
2019-02-21 23:59:59,0.0248040445541
2019-02-22 23:59:59,0.0251576560879
2019-02-23 23:59:59,0.0254551686594
2019-02-24 23:59:59,0.0238089390194
2019-02-25 23:59:59,0.0244502588117
2019-02-26 23:59:59,0.0244124779498
2019-02-27 23:59:59,0.0241306328371
2019-02-28 23:59:59,0.0238672365187
2019-03-01 23:59:59,0.023725948562
2019-03-02 23:59:59,0.0229372549296
2019-03-03 23:59:59,0.0227227334665
2019-03-04 23:59:59,0.0229369296895
2019-03-05 23:59:59,0.0239970954849
2019-03-06 23:59:59,0.0234310505741
2019-03-07 23:59:59,0.0231879552299
2019-03-08 23:59:59,0.0225635096613
2019-03-09 23:59:59,0.0228753344378
2019-03-10 23:59:59,0.0230707480744
2019-03-11 23:59:59,0.0222454655376
2019-03-12 23:59:59,0.0223991758861
2019-03-13 23:59:59,0.0224413094027
2019-03-14 23:59:59,0.0226481374261
2019-03-15 23:59:59,0.0231708215968
2019-03-16 23:59:59,0.0233741238624
2019-03-17 23:59:59,0.0231397064977
2019-03-18 23:59:59,0.0230033842093
2019-03-19 23:59:59,0.0230910481082
2019-03-20 23:59:59,0.0230811872978
2019-03-21 23:59:59,0.0224720931325
2019-03-22 23:59:59,0.0227486788905
2019-03-23 23:59:59,0.0244038198879
2019-03-24 23:59:59,0.0233659479067
2019-03-25 23:59:59,0.0227472472964
2019-03-26 23:59:59,0.022629376214
2019-03-27 23:59:59,0.0236229165866
2019-03-28 23:59:59,0.0233823346445
2019-03-29 23:59:59,0.0233187283822
2019-03-30 23:59:59,0.0232924873593
2019-03-31 23:59:59,0.0235234160397
2019-04-01 23:59:59,0.0243403224613
2019-04-02 23:59:59,0.0268841015836
2019-04-03 23:59:59,0.0259440176643
2019-04-04 23:59:59,0.0259821512685
2019-04-05 23:59:59,0.0272391727916
2019-04-06 23:59:59,0.0268595320124
2019-04-07 23:59:59,0.0288946128854
2019-04-08 23:59:59,0.0307316912797
2019-04-09 23:59:59,0.0299537140127
2019-04-10 23:59:59,0.0301010093793
2019-04-11 23:59:59,0.0267141824176
2019-04-12 23:59:59,0.0265583015994
2019-04-13 23:59:59,0.0263174052867
2019-04-14 23:59:59,0.027061781975
2019-04-15 23:59:59,0.0264914145965
2019-04-16 23:59:59,0.0270366923085
2019-04-17 23:59:59,0.0267753347123
2019-04-18 23:59:59,0.0269527094713
2019-04-19 23:59:59,0.0265591960171
2019-04-20 23:59:59,0.0261880184349
2019-04-21 23:59:59,0.0249853620898
2019-04-22 23:59:59,0.0251529505609
2019-04-23 23:59:59,0.0244668000047
2019-04-24 23:59:59,0.0234159936403
2019-04-25 23:59:59,0.0229995291649
2019-04-26 23:59:59,0.023891819281
2019-04-27 23:59:59,0.0236431481753
2019-04-28 23:59:59,0.0235920743025
2019-04-29 23:59:59,0.0228385034929
2019-04-30 23:59:59,0.0239712497429
2019-05-01 23:59:59,0.023776498582
2019-05-02 23:59:59,0.0236523630066
2019-05-03 23:59:59,0.0240730968465
2019-05-04 23:59:59,0.0234180493612
2019-05-05 23:59:59,0.0234214423281
2019-05-06 23:59:59,0.0238743283843
2019-05-07 23:59:59,0.0238411011653
2019-05-08 23:59:59,0.024637232572
2019-05-09 23:59:59,0.0233682917286
2019-05-10 23:59:59,0.0236130498221
2019-05-11 23:59:59,0.0252729004984
2019-05-12 23:59:59,0.0237539541471
2019-05-13 23:59:59,0.0246167891687
2019-05-14 23:59:59,0.0275210978121
2019-05-15 23:59:59,0.0313481311498
2019-05-16 23:59:59,0.0288565895981
2019-05-17 23:59:59,0.0272198620929
2019-05-18 23:59:59,0.0268230333437
2019-05-19 23:59:59,0.0292771558587
2019-05-20 23:59:59,0.0285087929025
2019-05-21 23:59:59,0.0288814438613
2019-05-22 23:59:59,0.0272619194507
2019-05-23 23:59:59,0.0273864187605
2019-05-24 23:59:59,0.027997755473
2019-05-25 23:59:59,0.0280849486806
2019-05-26 23:59:59,0.0314295618348
2019-05-27 23:59:59,0.0350679513944
2019-05-28 23:59:59,0.0346945538909
2019-05-29 23:59:59,0.0336927417047
2019-05-30 23:59:59,0.031353194116
2019-05-31 23:59:59,0.0330225504964
2019-06-01 23:59:59,0.0374083281971
2019-06-02 23:59:59,0.0384377912547
2019-06-03 23:59:59,0.0341157230475
2019-06-04 23:59:59,0.0349970988204
2019-06-05 23:59:59,0.0342458503
2019-06-06 23:59:59,0.0328301883647
2019-06-07 23:59:59,0.0338609304608
2019-06-08 23:59:59,0.0325442225221
2019-06-09 23:59:59,0.0300860327623
2019-06-10 23:59:59,0.0316898892386
2019-06-11 23:59:59,0.0312928479187
2019-06-12 23:59:59,0.0336231008907
2019-06-13 23:59:59,0.0326206870954
2019-06-14 23:59:59,0.0325381440174
2019-06-15 23:59:59,0.0328896600448
2019-06-16 23:59:59,0.0330098473931
2019-06-17 23:59:59,0.033919688412
2019-06-18 23:59:59,0.0331144373499
2019-06-19 23:59:59,0.0333093503862
2019-06-20 23:59:59,0.0327272803653
2019-06-21 23:59:59,0.0333445017053
2019-06-22 23:59:59,0.0373269057056
2019-06-23 23:59:59,0.0373691982528
2019-06-24 23:59:59,0.0383751929213
2019-06-25 23:59:59,0.0385574186278
2019-06-26 23:59:59,0.0364824063167
2019-06-27 23:59:59,0.0322508973668
2019-06-28 23:59:59,0.0339433869288
2019-06-29 23:59:59,0.0353587125697
2019-06-30 23:59:59,0.0319393449383
2019-07-01 23:59:59,0.0326015644085
2019-07-02 23:59:59,0.0319446989458
2019-07-03 23:59:59,0.0330134381224
2019-07-04 23:59:59,0.0314043196545
2019-07-05 23:59:59,0.0318493700547
2019-07-06 23:59:59,0.0320472390484
2019-07-07 23:59:59,0.0349327192135
2019-07-08 23:59:59,0.0345020263679
2019-07-09 23:59:59,0.0343733734945
2019-07-10 23:59:59,0.0321028803643
2019-07-11 23:59:59,0.0279326600863
2019-07-12 23:59:59,0.0295860995957
2019-07-13 23:59:59,0.0284063782502
2019-07-14 23:59:59,0.0253324517968
2019-07-15 23:59:59,0.0254017538486
2019-07-16 23:59:59,0.0212017460107
2019-07-17 23:59:59,0.0228691946158
2019-07-18 23:59:59,0.0258047055464
2019-07-19 23:59:59,0.0280460188397
2019-07-20 23:59:59,0.0291566569751
2019-07-21 23:59:59,0.0291587941579
2019-07-22 23:59:59,0.0266190562913
2019-07-23 23:59:59,0.0243621278874
2019-07-24 23:59:59,0.0239259772956
2019-07-25 23:59:59,0.0230707527119
2019-07-26 23:59:59,0.023243366071
2019-07-27 23:59:59,0.0219455929255
2019-07-28 23:59:59,0.022331441865
2019-07-29 23:59:59,0.0220533152735
2019-07-30 23:59:59,0.0221774555792
2019-07-31 23:59:59,0.0224794576091
2019-08-01 23:59:59,0.0222532273053
2019-08-02 23:59:59,0.0217586712511
2019-08-03 23:59:59,0.0219290656923
2019-08-04 23:59:59,0.0224150711122
2019-08-05 23:59:59,0.0230883071631
2019-08-06 23:59:59,0.0216693629655
2019-08-07 23:59:59,0.0216755977305
2019-08-08 23:59:59,0.0218867286598
2019-08-09 23:59:59,0.0197893920983
2019-08-10 23:59:59,0.0204629738695
2019-08-11 23:59:59,0.0207155914294
2019-08-12 23:59:59,0.020676653321
2019-08-13 23:59:59,0.0203252373872
2019-08-14 23:59:59,0.0177037253963
2019-08-15 23:59:59,0.0176080425685
2019-08-16 23:59:59,0.0169677961586
2019-08-17 23:59:59,0.0169411805024
2019-08-18 23:59:59,0.0178328548386
2019-08-19 23:59:59,0.0180830626932
2019-08-20 23:59:59,0.017600037418
2019-08-21 23:59:59,0.0166897602665
2019-08-22 23:59:59,0.0175383921018
2019-08-23 23:59:59,0.0180829371052
2019-08-24 23:59:59,0.0178009813982
2019-08-25 23:59:59,0.0175670213315
2019-08-26 23:59:59,0.0177166384707
2019-08-27 23:59:59,0.0176109195221
2019-08-28 23:59:59,0.0160002846757
2019-08-29 23:59:59,0.01553336919
2019-08-30 23:59:59,0.0156064761423
2019-08-31 23:59:59,0.0155597789681
2019-09-01 23:59:59,0.015625079373
2019-09-02 23:59:59,0.015924129932
2019-09-03 23:59:59,0.0159494243287
2019-09-04 23:59:59,0.0155926103556
2019-09-05 23:59:59,0.0150089961721
2019-09-06 23:59:59,0.0142562993474
2019-09-07 23:59:59,0.015433610784
2019-09-08 23:59:59,0.0158404731101
2019-09-09 23:59:59,0.0157415648941
2019-09-10 23:59:59,0.015622696434
2019-09-11 23:59:59,0.0149551242136
2019-09-12 23:59:59,0.0148643717807
2019-09-13 23:59:59,0.0155158967265
2019-09-14 23:59:59,0.0158078324846
2019-09-15 23:59:59,0.0155922979695
2019-09-16 23:59:59,0.0156899102187
2019-09-17 23:59:59,0.0167853755684
2019-09-18 23:59:59,0.0180172071572
2019-09-19 23:59:59,0.0176509231925
2019-09-20 23:59:59,0.0173926748886
2019-09-21 23:59:59,0.0182269417998
2019-09-22 23:59:59,0.0169205978861
2019-09-23 23:59:59,0.0160812623373
2019-09-24 23:59:59,0.0127942102498
2019-09-25 23:59:59,0.0132521945523
2019-09-26 23:59:59,0.0128836303622
2019-09-27 23:59:59,0.0137717110316
2019-09-28 23:59:59,0.0136850164186
2019-09-29 23:59:59,0.0134020515485
2019-09-30 23:59:59,0.0145235457912
2019-10-01 23:59:59,0.0140724172432
2019-10-02 23:59:59,0.0144674013646
2019-10-03 23:59:59,0.0143547870995
2019-10-04 23:59:59,0.0147084181271
2019-10-05 23:59:59,0.015113451815
2019-10-06 23:59:59,0.0147892772783
2019-10-07 23:59:59,0.0163550694651
2019-10-08 23:59:59,0.0170779664257
2019-10-09 23:59:59,0.0169838296781
2019-10-10 23:59:59,0.0163129965112
2019-10-11 23:59:59,0.0159933738792
2019-10-12 23:59:59,0.0157412800671
2019-10-13 23:59:59,0.0161366030984
2019-10-14 23:59:59,0.0167317708532
2019-10-15 23:59:59,0.0157442617701
2019-10-16 23:59:59,0.015286608519
2019-10-17 23:59:59,0.0154421852968
2019-10-18 23:59:59,0.0154163072204
2019-10-19 23:59:59,0.0155248441013
2019-10-20 23:59:59,0.015552370681
2019-10-21 23:59:59,0.0155977977307
2019-10-22 23:59:59,0.0152117461343
2019-10-23 23:59:59,0.0143181955254
2019-10-24 23:59:59,0.0152979168677
2019-10-25 23:59:59,0.0176394665447
2019-10-26 23:59:59,0.0165817696081
2019-10-27 23:59:59,0.0191317302099
2019-10-28 23:59:59,0.0201842809017
2019-10-29 23:59:59,0.0219909740169
2019-10-30 23:59:59,0.0201139333729
2019-10-31 23:59:59,0.0198978233125
2019-11-01 23:59:59,0.0196757166418
2019-11-02 23:59:59,0.019957748982
2019-11-03 23:59:59,0.0196999862418
2019-11-04 23:59:59,0.0198309947117
2019-11-05 23:59:59,0.0198523666212
2019-11-06 23:59:59,0.0201878977659
2019-11-07 23:59:59,0.0196228523278
2019-11-08 23:59:59,0.0187944761591
2019-11-09 23:59:59,0.0189641568999
2019-11-10 23:59:59,0.0194023540422
2019-11-11 23:59:59,0.0190957877604
2019-11-12 23:59:59,0.0196135118269
2019-11-13 23:59:59,0.0201125110716
2019-11-14 23:59:59,0.0195094969364
2019-11-15 23:59:59,0.0186171538311
2019-11-16 23:59:59,0.0187944695469
2019-11-17 23:59:59,0.0188928218881
2019-11-18 23:59:59,0.0173972174658
2019-11-19 23:59:59,0.017068034594
2019-11-20 23:59:59,0.0166437749714
2019-11-21 23:59:59,0.0154217827231
2019-11-22 23:59:59,0.0144820944026
2019-11-23 23:59:59,0.0151799811595
2019-11-24 23:59:59,0.0139303567152
2019-11-25 23:59:59,0.0142922896555
2019-11-26 23:59:59,0.0154166207808
2019-11-27 23:59:59,0.0161494475827
2019-11-28 23:59:59,0.0158779934577
2019-11-29 23:59:59,0.0161926395916
2019-11-30 23:59:59,0.0155053469229
2019-12-01 23:59:59,0.0159503394278
2019-12-02 23:59:59,0.0152467794455
2019-12-03 23:59:59,0.01525088148
2019-12-04 23:59:59,0.0144281926478
2019-12-05 23:59:59,0.0146059713943
2019-12-06 23:59:59,0.0147084861378
2019-12-07 23:59:59,0.0145945735903
2019-12-08 23:59:59,0.0147537868189
2019-12-09 23:59:59,0.0144691977722
2019-12-10 23:59:59,0.0141531424923
2019-12-11 23:59:59,0.0141791320504
2019-12-12 23:59:59,0.0138618404322
2019-12-13 23:59:59,0.0140976955685
2019-12-14 23:59:59,0.0139423614065
2019-12-15 23:59:59,0.0140282496178
2019-12-16 23:59:59,0.0134892817421
2019-12-17 23:59:59,0.0124776843475
2019-12-18 23:59:59,0.0133764797423
2019-12-19 23:59:59,0.0130783123696
2019-12-20 23:59:59,0.0134644703521
2019-12-21 23:59:59,0.0136011554535
2019-12-22 23:59:59,0.0149128788049
2019-12-23 23:59:59,0.0138429429539
2019-12-24 23:59:59,0.0136328882394
2019-12-25 23:59:59,0.0133386335175
2019-12-26 23:59:59,0.0134121849021
2019-12-27 23:59:59,0.0133000234314
2019-12-28 23:59:59,0.0135148684599
2019-12-29 23:59:59,0.0137434525783
2019-12-30 23:59:59,0.0134004226856
2019-12-31 23:59:59,0.0133056943845
2020-01-01 23:59:59,0.0132496388048
2020-01-02 23:59:59,0.0128701039623
2020-01-03 23:59:59,0.0134346565899
2020-01-04 23:59:59,0.0135208075446
2020-01-05 23:59:59,0.0136228928099
2020-01-06 23:59:59,0.0145481129971
2020-01-07 23:59:59,0.0143732238707
2020-01-08 23:59:59,0.0140692480135
2020-01-09 23:59:59,0.0140627835471
2020-01-10 23:59:59,0.0146140164796
2020-01-11 23:59:59,0.0146144308426
2020-01-12 23:59:59,0.0149755106657
2020-01-13 23:59:59,0.0147061657342
2020-01-14 23:59:59,0.016720114216
2020-01-15 23:59:59,0.0172839031674
2020-01-16 23:59:59,0.0171193636544
2020-01-17 23:59:59,0.0176658968644
2020-01-18 23:59:59,0.0177157768355
2020-01-19 23:59:59,0.0166199698227
2020-01-20 23:59:59,0.0166258209627
2020-01-21 23:59:59,0.0173082521111
2020-01-22 23:59:59,0.0173534482702
2020-01-23 23:59:59,0.0162528251744
2020-01-24 23:59:59,0.0164111849949
2020-01-25 23:59:59,0.016199423772
2020-01-26 23:59:59,0.0168035621066
2020-01-27 23:59:59,0.0171348913618
2020-01-28 23:59:59,0.0186143697485
2020-01-29 23:59:59,0.018683475963
2020-01-30 23:59:59,0.0194989099161
2020-01-31 23:59:59,0.0186824051977
2020-02-01 23:59:59,0.0190642194761
2020-02-02 23:59:59,0.0191356372121
2020-02-03 23:59:59,0.0192176199124
2020-02-04 23:59:59,0.019261019653
2020-02-05 23:59:59,0.0207760163205
2020-02-06 23:59:59,0.022535237068
2020-02-07 23:59:59,0.0220605084574
2020-02-08 23:59:59,0.0218517929313
2020-02-09 23:59:59,0.0220335741588
2020-02-10 23:59:59,0.0222289209216
2020-02-11 23:59:59,0.0226798503757
2020-02-12 23:59:59,0.0240148707553
2020-02-13 23:59:59,0.0238589931336
2020-02-14 23:59:59,0.0263253037813
2020-02-15 23:59:59,0.0235857962614
2020-02-16 23:59:59,0.0224636131376
2020-02-17 23:59:59,0.021728224217
2020-02-18 23:59:59,0.0225696043823
2020-02-19 23:59:59,0.0203203747436
2020-02-20 23:59:59,0.0198723883049
2020-02-21 23:59:59,0.0201987400637
2020-02-22 23:59:59,0.020086170139
2020-02-23 23:59:59,0.0213050926813
2020-02-24 23:59:59,0.0198589648129
2020-02-25 23:59:59,0.019053472727
2020-02-26 23:59:59,0.0164770332868
2020-02-27 23:59:59,0.0169382595548
2020-02-28 23:59:59,0.0170561292061
2020-02-29 23:59:59,0.0166293793039
2020-03-01 23:59:59,0.0164994176893
2020-03-02 23:59:59,0.0174945502313
2020-03-03 23:59:59,0.0172707331383
2020-03-04 23:59:59,0.0177107296522
2020-03-05 23:59:59,0.0178920598417
2020-03-06 23:59:59,0.0182359583093
2020-03-07 23:59:59,0.0170493544938
2020-03-08 23:59:59,0.014865698519
2020-03-09 23:59:59,0.0149875383246
2020-03-10 23:59:59,0.01510564651
2020-03-11 23:59:59,0.0148353040016
2020-03-12 23:59:59,0.00879174420506
2020-03-13 23:59:59,0.0102440753737
2020-03-14 23:59:59,0.00976183234079
2020-03-15 23:59:59,0.0103443644858
2020-03-16 23:59:59,0.00956138223651
2020-03-17 23:59:59,0.00988528129739
2020-03-18 23:59:59,0.00993400024373
2020-03-19 23:59:59,0.011667710891
2020-03-20 23:59:59,0.0112463116218
2020-03-21 23:59:59,0.0112287842224
2020-03-22 23:59:59,0.0103647361976
2020-03-23 23:59:59,0.0112841829311
2020-03-24 23:59:59,0.0115125907237
2020-03-25 23:59:59,0.0113850763247
2020-03-26 23:59:59,0.0118705601296
2020-03-27 23:59:59,0.0114269392507
2020-03-28 23:59:59,0.0114018201669
2020-03-29 23:59:59,0.0107491987767
2020-03-30 23:59:59,0.0115090368499
2020-03-31 23:59:59,0.0116253247803
2020-04-01 23:59:59,0.0115754210989
2020-04-02 23:59:59,0.0119747160898
2020-04-03 23:59:59,0.0119051897689
2020-04-04 23:59:59,0.0119984038166
2020-04-05 23:59:59,0.0126030749017
2020-04-06 23:59:59,0.0136582212311
2020-04-07 23:59:59,0.0132662423589
2020-04-08 23:59:59,0.0136945785399
2020-04-09 23:59:59,0.0135072490377
2020-04-10 23:59:59,0.0124622491172
2020-04-11 23:59:59,0.0124831859778
2020-04-12 23:59:59,0.01290186002
2020-04-13 23:59:59,0.0125845561835
2020-04-14 23:59:59,0.0124126755049
2020-04-15 23:59:59,0.0122252457411
2020-04-16 23:59:59,0.0130418122286
2020-04-17 23:59:59,0.0130044453048
2020-04-18 23:59:59,0.0133691807142
2020-04-19 23:59:59,0.0130320345555
2020-04-20 23:59:59,0.0125173612765
2020-04-21 23:59:59,0.0125864081632
2020-04-22 23:59:59,0.0129758150225
2020-04-23 23:59:59,0.0135535389759
2020-04-24 23:59:59,0.0140192465034
2020-04-25 23:59:59,0.014017710712
2020-04-26 23:59:59,0.0142523648281
2020-04-27 23:59:59,0.0145540195351
2020-04-28 23:59:59,0.0153945513737
2020-04-29 23:59:59,0.016311238229
2020-04-30 23:59:59,0.0152775180951
2020-05-01 23:59:59,0.015892649833
2020-05-02 23:59:59,0.0163749554644
2020-05-03 23:59:59,0.0160203179696
2020-05-04 23:59:59,0.0163065131993
2020-05-05 23:59:59,0.0159023494522
2020-05-06 23:59:59,0.0158275326778
2020-05-07 23:59:59,0.0160557282177
2020-05-08 23:59:59,0.0163248542477
2020-05-09 23:59:59,0.0161980287902
2020-05-10 23:59:59,0.0142827350927
2020-05-11 23:59:59,0.0140220086757
2020-05-12 23:59:59,0.0145588832989
2020-05-13 23:59:59,0.0150027000595
2020-05-14 23:59:59,0.0152631721483
2020-05-15 23:59:59,0.0149168314986
2020-05-16 23:59:59,0.0149619979159
2020-05-17 23:59:59,0.0150038998313
2020-05-18 23:59:59,0.0153558618706
2020-05-19 23:59:59,0.0155118597727
2020-05-20 23:59:59,0.0150006882275
2020-05-21 23:59:59,0.0142562586222
2020-05-22 23:59:59,0.0148592612001
2020-05-23 23:59:59,0.0150478052937
2020-05-24 23:59:59,0.0144296041911
2020-05-25 23:59:59,0.0147422354771
2020-05-26 23:59:59,0.0145660615335
2020-05-27 23:59:59,0.0147298343126
2020-05-28 23:59:59,0.0151306973315
2020-05-29 23:59:59,0.0150114559756
2020-05-30 23:59:59,0.01631441488
2020-05-31 23:59:59,0.0158911106642
2020-06-01 23:59:59,0.0170074276448
2020-06-02 23:59:59,0.0163067673754
2020-06-03 23:59:59,0.0168749163696
2020-06-04 23:59:59,0.0169098242599
2020-06-05 23:59:59,0.0169376181572
2020-06-06 23:59:59,0.0169932480593
2020-06-07 23:59:59,0.0181790036952
2020-06-08 23:59:59,0.0179565965317
2020-06-09 23:59:59,0.0176087039019
2020-06-10 23:59:59,0.0176083272188
2020-06-11 23:59:59,0.0158063518926
2020-06-12 23:59:59,0.0164584826156
2020-06-13 23:59:59,0.0167045135345
2020-06-14 23:59:59,0.0162568146422
2020-06-15 23:59:59,0.0161133081373
2020-06-16 23:59:59,0.0161463114366
2020-06-17 23:59:59,0.0161998415885
2020-06-18 23:59:59,0.0160641006933
2020-06-19 23:59:59,0.0157994374538
2020-06-20 23:59:59,0.0159307885036
2020-06-21 23:59:59,0.0158393691215
2020-06-22 23:59:59,0.016330948652
2020-06-23 23:59:59,0.016525138034
2020-06-24 23:59:59,0.0159643277053
2020-06-25 23:59:59,0.0159327209978
2020-06-26 23:59:59,0.0158405746971
2020-06-27 23:59:59,0.0155127069627
2020-06-28 23:59:59,0.0158152679339
2020-06-29 23:59:59,0.0162030331248
2020-06-30 23:59:59,0.0163722284802
2020-07-01 23:59:59,0.0168711190621
2020-07-02 23:59:59,0.0166943999489
2020-07-03 23:59:59,0.0166624491704
2020-07-04 23:59:59,0.0168038743368
2020-07-05 23:59:59,0.0168404697055
2020-07-06 23:59:59,0.0180204962252
2020-07-07 23:59:59,0.0171902037981
2020-07-08 23:59:59,0.0179055911705
2020-07-09 23:59:59,0.0184510465071
2020-07-10 23:59:59,0.0181426707222
2020-07-11 23:59:59,0.0183656366989
2020-07-12 23:59:59,0.0181532900659
2020-07-13 23:59:59,0.0175526019554
2020-07-14 23:59:59,0.0176406329951
2020-07-15 23:59:59,0.0175606006961
2020-07-16 23:59:59,0.0171443374885
2020-07-17 23:59:59,0.0171829461748
2020-07-18 23:59:59,0.0174003041832
2020-07-19 23:59:59,0.0174774798415
2020-07-20 23:59:59,0.0172192326024
2020-07-21 23:59:59,0.0175618522245
2020-07-22 23:59:59,0.0179529129699
2020-07-23 23:59:59,0.0178635125482
2020-07-24 23:59:59,0.0179585809354
2020-07-25 23:59:59,0.0186831145326
2020-07-26 23:59:59,0.0185248274937
2020-07-27 23:59:59,0.0186658760744
2020-07-28 23:59:59,0.0191221897976
2020-07-29 23:59:59,0.0193253539815
2020-07-30 23:59:59,0.0192764100199
2020-07-31 23:59:59,0.0196771484328
2020-08-01 23:59:59,0.0203955869229
2020-08-02 23:59:59,0.0190391749702
2020-08-03 23:59:59,0.0198873466698
2020-08-04 23:59:59,0.0203520867862
2020-08-05 23:59:59,0.0204506665874
2020-08-06 23:59:59,0.0202751578834
2020-08-07 23:59:59,0.019938451596
2020-08-08 23:59:59,0.0204179517746
2020-08-09 23:59:59,0.0204725502345
2020-08-10 23:59:59,0.0215172484302
2020-08-11 23:59:59,0.0201572656503
2020-08-12 23:59:59,0.0203913371808
2020-08-13 23:59:59,0.0226055410583
2020-08-14 23:59:59,0.0247504216408
2020-08-15 23:59:59,0.0252007478394
2020-08-16 23:59:59,0.0282074139474
2020-08-17 23:59:59,0.0303881067709
2020-08-18 23:59:59,0.0288027372066
2020-08-19 23:59:59,0.0265371256135
2020-08-20 23:59:59,0.0275449503259
2020-08-21 23:59:59,0.0243433501837
2020-08-22 23:59:59,0.0251634717543
2020-08-23 23:59:59,0.0244651491978
2020-08-24 23:59:59,0.0251629655866
2020-08-25 23:59:59,0.0231324516523
2020-08-26 23:59:59,0.0237467556595
2020-08-27 23:59:59,0.0231000032113
2020-08-28 23:59:59,0.0239809427521
2020-08-29 23:59:59,0.0250380782111
2020-08-30 23:59:59,0.0269523679414
2020-08-31 23:59:59,0.0292975404054
2020-09-01 23:59:59,0.0345529542445
2020-09-02 23:59:59,0.0344507166728
2020-09-03 23:59:59,0.0411920088955
2020-09-04 23:59:59,0.0356201100629
2020-09-05 23:59:59,0.02999703429
2020-09-06 23:59:59,0.0315233265489
2020-09-07 23:59:59,0.0322764803566
2020-09-08 23:59:59,0.0350011418516
2020-09-09 23:59:59,0.0340249396378
2020-09-10 23:59:59,0.0330772154189
2020-09-11 23:59:59,0.0335087300691
2020-09-12 23:59:59,0.0327485622293
2020-09-13 23:59:59,0.0305830212107
2020-09-14 23:59:59,0.0304521747369
2020-09-15 23:59:59,0.0279014791206
2020-09-16 23:59:59,0.0264944488415
2020-09-17 23:59:59,0.0281039284423
2020-09-18 23:59:59,0.0290889881653
2020-09-19 23:59:59,0.0277822172982
2020-09-20 23:59:59,0.0269649552852
2020-09-21 23:59:59,0.024998728734
2020-09-22 23:59:59,0.0250439070726
2020-09-23 23:59:59,0.02485914
2020-09-24 23:59:59,0.02619283
2020-09-25 23:59:59,0.02715056
2020-09-26 23:59:59,0.02725137
2020-09-27 23:59:59,0.02658886
2020-09-28 23:59:59,0.02630895
2020-09-29 23:59:59,0.02630002
2020-09-30 23:59:59,0.02605891
2020-10-01 23:59:59,0.02559581
2020-10-02 23:59:59,0.02592159
2020-10-03 23:59:59,0.02709181
2020-10-04 23:59:59,0.02636138
2020-10-05 23:59:59,0.0264428
2020-10-06 23:59:59,0.02558027
2020-10-07 23:59:59,0.025477
2020-10-08 23:59:59,0.02567061
2020-10-09 23:59:59,0.02622305
2020-10-10 23:59:59,0.0263701
2020-10-11 23:59:59,0.02646722
2020-10-12 23:59:59,0.02708219
2020-10-13 23:59:59,0.02678798
2020-10-14 23:59:59,0.0268272
2020-10-15 23:59:59,0.02653648
2020-10-16 23:59:59,0.02573906
2020-10-17 23:59:59,0.02574631
2020-10-18 23:59:59,0.02593621
2020-10-19 23:59:59,0.02586055
2020-10-20 23:59:59,0.02601167
2020-10-21 23:59:59,0.02672063
2020-10-22 23:59:59,0.02704168
2020-10-23 23:59:59,0.02669117
2020-10-24 23:59:59,0.02705049
2020-10-25 23:59:59,0.02693528
2020-10-26 23:59:59,0.02676151
2020-10-27 23:59:59,0.02696136
2020-10-28 23:59:59,0.02685205
2020-10-29 23:59:59,0.02648968
2020-10-30 23:59:59,0.02562615
2020-10-31 23:59:59,0.02576956
2020-11-01 23:59:59,0.02572745
2020-11-02 23:59:59,0.02443304
2020-11-03 23:59:59,0.02441623
2020-11-04 23:59:59,0.02419648
2020-11-05 23:59:59,0.02496151
2020-11-06 23:59:59,0.02606515
2020-11-07 23:59:59,0.02491969
2020-11-08 23:59:59,0.02536509
2020-11-09 23:59:59,0.02481089
2020-11-10 23:59:59,0.0248716
2020-11-11 23:59:59,0.02505395
2020-11-12 23:59:59,0.02493711
2020-11-13 23:59:59,0.02540475
2020-11-14 23:59:59,0.02519053
2020-11-15 23:59:59,0.02540897
2020-11-16 23:59:59,0.0255961
2020-11-17 23:59:59,0.02646838
2020-11-18 23:59:59,0.02682202
2020-11-19 23:59:59,0.02580231
2020-11-20 23:59:59,0.02626955
2020-11-21 23:59:59,0.03033475
2020-11-22 23:59:59,0.02869945
2020-11-23 23:59:59,0.03167253
2020-11-24 23:59:59,0.03506729
2020-11-25 23:59:59,0.0331058
2020-11-26 23:59:59,0.02938731
2020-11-27 23:59:59,0.02936294
2020-11-28 23:59:59,0.03043469
2020-11-29 23:59:59,0.03069862
2020-11-30 23:59:59,0.03232013
2020-12-01 23:59:59,0.03027735
2020-12-02 23:59:59,0.0311959
2020-12-03 23:59:59,0.03164091
2020-12-04 23:59:59,0.02955283
2020-12-05 23:59:59,0.03057224
2020-12-06 23:59:59,0.03092528
2020-12-07 23:59:59,0.03031663
2020-12-08 23:59:59,0.02784883
2020-12-09 23:59:59,0.02870998
2020-12-10 23:59:59,0.02814575
2020-12-11 23:59:59,0.02781859
2020-12-12 23:59:59,0.02857237
2020-12-13 23:59:59,0.02918404
2020-12-14 23:59:59,0.02908806
2020-12-15 23:59:59,0.02920635
2020-12-16 23:59:59,0.03117615
2020-12-17 23:59:59,0.03070782
2020-12-18 23:59:59,0.03111274
2020-12-19 23:59:59,0.03129003
2020-12-20 23:59:59,0.03122526
2020-12-21 23:59:59,0.02938003
2020-12-22 23:59:59,0.02889393
2020-12-23 23:59:59,0.02481996
2020-12-24 23:59:59,0.02769736
2020-12-25 23:59:59,0.02849727
2020-12-26 23:59:59,0.02773811
2020-12-27 23:59:59,0.02884619
2020-12-28 23:59:59,0.02953235
2020-12-29 23:59:59,0.02768961
2020-12-30 23:59:59,0.02694542
2020-12-31 23:59:59,0.02683307
2021-01-01 23:59:59,0.02693957
2021-01-02 23:59:59,0.02721922
2021-01-03 23:59:59,0.02949452
2021-01-04 23:59:59,0.03085277
2021-01-05 23:59:59,0.0286322
2021-01-06 23:59:59,0.0305147
2021-01-07 23:59:59,0.03106756
2021-01-08 23:59:59,0.03061259
2021-01-09 23:59:59,0.03402566
2021-01-10 23:59:59,0.03293481
2021-01-11 23:59:59,0.02896345
2021-01-12 23:59:59,0.02855788
2021-01-13 23:59:59,0.03019611
2021-01-14 23:59:59,0.03000966
2021-01-15 23:59:59,0.0297898
2021-01-16 23:59:59,0.03015329
2021-01-17 23:59:59,0.03014067
2021-01-18 23:59:59,0.03161753
2021-01-19 23:59:59,0.0307922
2021-01-20 23:59:59,0.03050712
2021-01-21 23:59:59,0.02770436
2021-01-22 23:59:59,0.02863758
2021-01-23 23:59:59,0.02918687
2021-01-24 23:59:59,0.03002034
2021-01-25 23:59:59,0.02955827
2021-01-26 23:59:59,0.02951282
2021-01-27 23:59:59,0.02832495
2021-01-28 23:59:59,0.02964784
2021-01-29 23:59:59,0.03329551
2021-01-30 23:59:59,0.03202773
2021-01-31 23:59:59,0.03160317
2021-02-01 23:59:59,0.03292715
2021-02-02 23:59:59,0.03315322
2021-02-03 23:59:59,0.03443866
2021-02-04 23:59:59,0.03317362
2021-02-05 23:59:59,0.03625571
2021-02-06 23:59:59,0.03510628
2021-02-07 23:59:59,0.0359719
2021-02-08 23:59:59,0.04054574
2021-02-09 23:59:59,0.04603427
2021-02-10 23:59:59,0.04618917
2021-02-11 23:59:59,0.05706401
2021-02-12 23:59:59,0.05532194
2021-02-13 23:59:59,0.05961609
2021-02-14 23:59:59,0.05554395
2021-02-15 23:59:59,0.05074605
2021-02-16 23:59:59,0.05217425
2021-02-17 23:59:59,0.0526035
2021-02-18 23:59:59,0.05498865
2021-02-19 23:59:59,0.06102993
2021-02-20 23:59:59,0.05804073
2021-02-21 23:59:59,0.05946833
2021-02-22 23:59:59,0.05437612
2021-02-23 23:59:59,0.04478956
2021-02-24 23:59:59,0.04802804
2021-02-25 23:59:59,0.04520516
2021-02-26 23:59:59,0.04517348
2021-02-27 23:59:59,0.04660641
2021-02-28 23:59:59,0.04564734
2021-03-01 23:59:59,0.04781769
2021-03-02 23:59:59,0.04684855
2021-03-03 23:59:59,0.04908238
2021-03-04 23:59:59,0.05138048
2021-03-05 23:59:59,0.05026901
2021-03-06 23:59:59,0.05029012
2021-03-07 23:59:59,0.05172152
2021-03-08 23:59:59,0.05281308
2021-03-09 23:59:59,0.05317286
2021-03-10 23:59:59,0.05151712
2021-03-11 23:59:59,0.05150626
2021-03-12 23:59:59,0.05004248
2021-03-13 23:59:59,0.05281493
2021-03-14 23:59:59,0.05130068
2021-03-15 23:59:59,0.05084007
2021-03-16 23:59:59,0.05229743
2021-03-17 23:59:59,0.05497513
2021-03-18 23:59:59,0.05357783
2021-03-19 23:59:59,0.05879268
2021-03-20 23:59:59,0.06107987
2021-03-21 23:59:59,0.06329613
2021-03-22 23:59:59,0.05976381
2021-03-23 23:59:59,0.05883036
2021-03-24 23:59:59,0.0560789
2021-03-25 23:59:59,0.05562184
2021-03-26 23:59:59,0.06489966
2021-03-27 23:59:59,0.06379023
2021-03-28 23:59:59,0.06356293
2021-03-29 23:59:59,0.06479057
2021-03-30 23:59:59,0.06608571
2021-03-31 23:59:59,0.0923122
2021-04-01 23:59:59,0.08612
2021-04-02 23:59:59,0.09255212
2021-04-03 23:59:59,0.10207168
2021-04-04 23:59:59,0.12937339
2021-04-05 23:59:59,0.13672526
2021-04-06 23:59:59,0.12437441
2021-04-07 23:59:59,0.11028233
2021-04-08 23:59:59,0.12306971
2021-04-09 23:59:59,0.1159342
2021-04-10 23:59:59,0.1259832
2021-04-11 23:59:59,0.12235264
2021-04-12 23:59:59,0.12904841
2021-04-13 23:59:59,0.14629826
2021-04-14 23:59:59,0.14069403
2021-04-15 23:59:59,0.16464966
2021-04-16 23:59:59,0.16208884
2021-04-17 23:59:59,0.15743499
2021-04-18 23:59:59,0.1428787
2021-04-19 23:59:59,0.13023896
2021-04-20 23:59:59,0.13303487
2021-04-21 23:59:59,0.12307985
2021-04-22 23:59:59,0.11012968
2021-04-23 23:59:59,0.10902453
2021-04-24 23:59:59,0.10270624
2021-04-25 23:59:59,0.10147089
2021-04-26 23:59:59,0.11729479
2021-04-27 23:59:59,0.12579393
2021-04-28 23:59:59,0.12268425
2021-04-29 23:59:59,0.1212654
2021-04-30 23:59:59,0.13222902
2021-05-01 23:59:59,0.13110811
2021-05-02 23:59:59,0.12765305
2021-05-03 23:59:59,0.13161447
2021-05-04 23:59:59,0.11939428
2021-05-05 23:59:59,0.14635251
2021-05-06 23:59:59,0.15177265
2021-05-07 23:59:59,0.14767983
2021-05-08 23:59:59,0.1431106
2021-05-09 23:59:59,0.14287514
2021-05-10 23:59:59,0.12715927
2021-05-11 23:59:59,0.13882585
2021-05-12 23:59:59,0.11869919
2021-05-13 23:59:59,0.12147282
2021-05-14 23:59:59,0.12477582
2021-05-15 23:59:59,0.12069062
2021-05-16 23:59:59,0.11950581
2021-05-17 23:59:59,0.11287009
2021-05-18 23:59:59,0.11638647
2021-05-19 23:59:59,0.07933165
2021-05-20 23:59:59,0.0895967
2021-05-21 23:59:59,0.07792124
2021-05-22 23:59:59,0.075359
2021-05-23 23:59:59,0.06318105
2021-05-24 23:59:59,0.07672266
2021-05-25 23:59:59,0.07728137
2021-05-26 23:59:59,0.08324077
2021-05-27 23:59:59,0.07915143
2021-05-28 23:59:59,0.07208664
2021-05-29 23:59:59,0.06878348
2021-05-30 23:59:59,0.07203628
2021-05-31 23:59:59,0.07692039
2021-06-01 23:59:59,0.07613585
2021-06-02 23:59:59,0.0780411
2021-06-03 23:59:59,0.08211933
2021-06-04 23:59:59,0.07725166
2021-06-05 23:59:59,0.07559645
2021-06-06 23:59:59,0.07750709
2021-06-07 23:59:59,0.07162098
2021-06-08 23:59:59,0.0726329
2021-06-09 23:59:59,0.07537511
2021-06-10 23:59:59,0.07260882
2021-06-11 23:59:59,0.06914333
2021-06-12 23:59:59,0.06811941
2021-06-13 23:59:59,0.07155609
2021-06-14 23:59:59,0.07225158
2021-06-15 23:59:59,0.07255148
2021-06-16 23:59:59,0.06891662
2021-06-17 23:59:59,0.07382187
2021-06-18 23:59:59,0.06958385
2021-06-19 23:59:59,0.0687217
2021-06-20 23:59:59,0.06783275
2021-06-21 23:59:59,0.05358428
2021-06-22 23:59:59,0.05093979
2021-06-23 23:59:59,0.05572165
2021-06-24 23:59:59,0.06602454
2021-06-25 23:59:59,0.06160129
2021-06-26 23:59:59,0.06269557
2021-06-27 23:59:59,0.0647795
2021-06-28 23:59:59,0.06523091
2021-06-29 23:59:59,0.067691
2021-06-30 23:59:59,0.06814648
2021-07-01 23:59:59,0.06489425
2021-07-02 23:59:59,0.06651217
2021-07-03 23:59:59,0.06681272
2021-07-04 23:59:59,0.06729835
2021-07-05 23:59:59,0.06457423
2021-07-06 23:59:59,0.06493519
